{
    "hi": "Hey there! I'm ChhoriBot, your supportive health buddy. How can I help you today? ❤️",
    "hello": "Hello lovely! I'm here to listen and help anytime 😊",
    "how are you": "I'm doing great! How about you? Remember, you're never alone.",
    "what is menstruation": "Menstruation is the monthly shedding of the uterine lining in women. It’s natural and healthy.",
    "why do i get cramps": "Cramps happen due to uterine contractions during your period. Try heat pads or light exercise to ease them.",
    "how to reduce period pain": "Warm compress, herbal teas like ginger or chamomile, and gentle stretching can really help with cramps.",
    "i feel sad": "I'm sorry you're feeling sad. Want to talk about what's bothering you? I'm here to listen.",
    "i am stressed": "Stress is tough. Try deep breathing, some rest, or talk to someone you trust. You’re strong!",
    "i have mood swings": "Mood swings during periods are common due to hormonal changes. Take care of yourself and be kind to your mind.",
    "how long does period last": "A normal period lasts between 3 to 7 days, but it can vary from person to person.",
    "what foods are good during period": "Eating iron-rich foods, fruits, veggies, and staying hydrated can help during your period.",
    "i feel tired": "Feeling tired is normal during periods. Rest when you can and don’t forget to hydrate!",
    "when will my period start": "I’m not a doctor, but periods typically happen every 21-35 days. Tracking can help you predict it better!",
    "i have heavy bleeding": "Heavy bleeding can be serious. Please consult a healthcare professional to get proper advice.",
    "bye": "Take care! Remember, I'm always here if you want to talk ❤️"
}